sep=,

-------------------------------------------------------

Format,SRC_PATH,SRC_SIZE,RES_SIZE,ENC_TIME,DEC_TIME,DIFF_SIZE(%),QUALITY,SSIM,PSNR,MSE,RMSE,UQI,ERGAS,SCC,RASE,SAM,VIFP,PSNRB,FSIM,SRE
GUETZLIF DEFAULT,./result/res_jpegGUETZLI_def_1.jpg,428379,58675,16012,353,86,84,0.9164935415499867,30.389212170607856,59.45099722222222,7.710447277702002,0.9568424169548998,1.4721693779210876,0.5215523540547602,711.3498656582318,0.047022839464200834,0.4800557896205837,29.036062338227936,0.7774896265627796,60.79855407495086,
GUETZLIF C,./result/res_jpegGUETZLI_c_1.jpg,428379,59264,10010,112,86,84,0.9168912336294635,30.41184466118358,59.14198472222222,7.6903826122126215,0.9570118763099642,1.4683781045820183,0.5222088595498465,708.6881804913828,0.046899853074754555,0.48116655539247627,29.05651101608128,0.7779197069254313,60.81022548656392,
GUETZLIF CUDA,./result/res_jpegGUETZLI_cuda_1.jpg,428379,59282,1482,98,86,84,0.9168497323539038,30.4110020028129,59.15346111111111,7.691128728028878,0.9570166779898458,1.4685093702153253,0.5219158715566096,708.6029596828288,0.04690455367235604,0.48096803258807413,29.054937064621235,0.7777040463420866,60.80971242541019,
GUETZLIF OPENCL,./result/res_jpegGUETZLI_opencl_1.jpg,428379,1092,673,54,100,84,0.31672421103137743,8.709529972081896,8752.404155555556,93.55428453874016,0.6077723986255503,17.801770049176575,0.0,7995.846580974763,0.6019019836624667,0.0,7.719869731694773,nan,49.9038102480013,



